# today	target	users	note
assert.h	assert.h	1	ISO C, name unchanged; non-standard names move out
ctype.h	ctype.h	10	ISO C, name unchanged; non-standard names move out
errno.h	errno.h	8	ISO C, name unchanged; non-standard names move out
float.h	float.h	2	ISO C, name unchanged; non-standard names move out
haspcmb.h	ibm/jes2/cmb.h		JES2 data area ($CMB)
hasphct.h	ibm/jes2/hct.h		JES2 data area ($HCT)
haspiot.h	ibm/jes2/iot.h		JES2 data area ($IOT)
haspjct.h	ibm/jes2/jct.h		JES2 data area ($JCT)
haspjoe.h	ibm/jes2/joe.h		JES2 data area ($JOE)
haspjot.h	ibm/jes2/jot.h		JES2 data area ($JOT)
haspjqe.h	ibm/jes2/jqe.h	1	JES2 data area ($JQE)
hasppddb.h	ibm/jes2/pddb.h	1	JES2 data area ($PDDB)
hasppso.h	ibm/jes2/pso.h		JES2 data area ($PSO)
haspsjb.h	ibm/jes2/sjb.h		JES2 data area ($SJB)
haspsvt.h	ibm/jes2/svt.h		JES2 data area ($SVT)
hasptab.h	ibm/jes2/tab.h		JES2 data area ($TAB)
hasptgm.h	ibm/jes2/tgm.h		JES2 data area ($TGM)
cvt.h	ibm/mvs/cvt.h	2	IBM data area
osdcb.h	ibm/mvs/dcbd.h	4	IBM data area
osdecb.h	ibm/mvs/ihadecb.h		IBM data area; IHADECB (checked: its 4 fields are all in IHADECB)
racheck.h	ibm/mvs/racheck.h		RACHECK parameter list; no mapping macro, the RACHECK macro builds it
racinit.h	ibm/mvs/racinit.h		RACINIT parameter list; no mapping macro, the RACINIT macro builds it
safp.h	ibm/mvs/ichsafp.h		IBM data area
safv.h	ibm/mvs/ichsafv.h		IBM data area
ieebasea.h	ibm/mvs/ieebasea.h		IBM data area
ieecdcm.h	ibm/mvs/ieecdcm.h		IBM data area; IEECDCM (checked: 66 of 68 fields)
ieecucm.h	ibm/mvs/ieecucm.h		IBM data area
ieezb806.h	ibm/mvs/ieezb806.h		IBM data area
iefjesct.h	ibm/mvs/iefjesct.h		IBM data area
osjfcb.h	ibm/mvs/iefjfcbn.h	2	IBM data area
iefjssib.h	ibm/mvs/iefjssib.h	1	IBM data area
iefsscs.h	ibm/mvs/iefsscs.h		IBM data area; IEFSSCS (checked: 21 of 21 constants)
iefssobh.h	ibm/mvs/iefssobh.h	1	IBM data area
iefssso.h	ibm/mvs/iefssso.h		IBM data area; IEFSSSO (checked: 25 of 25 constants)
ieftiot.h	ibm/mvs/ieftiot1.h	1	IBM data area
ieftxtft.h	ibm/mvs/ieftxtft.h		IBM data area; IEFTXTFT (checked: 31 of 31 constants)
iecvucb.h	ibm/mvs/iefucbob.h		IBM data area; IEFUCBOB (checked: 17 of 24 fields)
iefvkeys.h	ibm/mvs/iefvkeys.h		IBM data area; IEFVKEYS (checked: 142 of 142 constants)
rb99.h	ibm/mvs/iefzb4d0.h		IBM data area
txt99.h	ibm/mvs/iefzb4d2.h		IBM data area
iezbits.h	ibm/mvs/iezbits.h		IBM data area
osdeb.h	ibm/mvs/iezdeb.h		IBM data area
osiob.h	ibm/mvs/ieziob.h		IBM data area; IEZIOB (checked: its 35 fields are all in IEZIOB)
iezjscb.h	ibm/mvs/iezjscb.h		IBM data area
acee.h	ibm/mvs/ihaacee.h	3	IBM data area
ihaasvt.h	ibm/mvs/ihaasvt.h	2	IBM data area
cde.h	ibm/mvs/ihacde.h	1	IBM data area
ihadsab.h	ibm/mvs/ihadsab.h		IBM data area
ihadva.h	ibm/mvs/ihadva.h		IBM data area
ihalpde.h	ibm/mvs/ihalpde.h		IBM data area
iharb.h	ibm/mvs/iharb.h		IBM data area
ihascvt.h	ibm/mvs/ihascvt.h	1	IBM data area
clibsdwa.h	ibm/mvs/ihasdwa.h	1	IBM data area
ihasrb.h	ibm/mvs/ihasrb.h		IBM data area
ihaxtlst.h	ibm/mvs/ihaxtlst.h		IBM data area
ikjcppl.h	ibm/mvs/ikjcppl.h	1	IBM data area
ikject.h	ibm/mvs/ikject.h		IBM data area
ikjpscb.h	ibm/mvs/ikjpscb.h		IBM data area
ikjtcb.h	ibm/mvs/ikjtcb.h		IBM data area
ikjupt.h	ibm/mvs/ikjupt.h		IBM data area
@@75.h	internal		dyn75 parameter list
@@memmgr.h	internal		allocator internals
__75.h	internal		duplicate of @@75.h
clibjpa.h	internal		@@JPA anchor mapping
clibjs.h	internal		JES spool internals, included by clibjes2.h
clibprtf.h	internal		printf engine
clibprti.h	internal		printf engine
clibres.h	internal		resident structs; no user, review
clibsock.h	libc370/socket.h	1	socket bookkeeping; httpd walks grt->grtsock as CLIBSOCK, so it stays public (#264 A); internal once libc370 closes sockets itself
clibspl.h	internal		inline helpers; no user, review
clibsvc.h	internal		@@SVC work area
clibthdi.h	mvs/thread.h	2	thread manager; httpd and ftpd use its API, so public, merged into mvs/thread.h (#264 B); absorbs #140
clibwsa.h	internal		work-save-area internals
enqpl.h	internal		ENQ parameter list
get3.h	internal		GET3/SET3 macros; no user, review
modmap.h	internal		load module map, used by __loadhi()
clibary.h	libc370/array.h	7	dynamic arrays; portable
clib64.h	libc370/int64.h	2	64-bit helpers; review against cc370 long long
time64.h	libc370/time64.h	6	y2038 time; portable
clibver.h	libc370/version.h	3	libc370_version()
limits.h	limits.h	6	ISO C, name unchanged; non-standard names move out
locale.h	locale.h	2	ISO C, name unchanged; non-standard names move out
math.h	math.h	2	ISO C, name unchanged; non-standard names move out
clibauth.h	mvs/apf.h	1	__autask/__austep
clibcib.h	mvs/console.h	4	MODIFY/STOP (CIB)
clibcrt.h	mvs/crt.h	6	task anchor; 6 consumers read it, review
clibgrt.h	mvs/crt.h	5	process anchor; 5 consumers, review
clibppa.h	mvs/crt.h	8	program anchor, __ppahrv(); 8 consumers
trkcalc.h	mvs/dasd.h		
clibdsab.h	mvs/dd.h	1	DD lookup
clibtiot.h	mvs/dd.h	1	DD lookup
clibdscb.h	mvs/dscb.h	3	DSCB read + structs
cliblist.h	mvs/dslist.h	4	catalog, PDS directory, DASD volume lists
svc99.h	mvs/dynalloc.h	5	SVC 99
clibecb.h	mvs/ecb.h	4	
clibenq.h	mvs/enq.h	2	
clibenv.h	mvs/env.h	5	environment from a data set
clibispf.h	mvs/ispf.h		
clibjes2.h	mvs/jes2.h	3	
clibcp.h	mvs/jes2ckpt.h	1	JES2 checkpoint access
cliblink.h	mvs/link.h	4	
cliblock.h	mvs/lock.h	4	
clibmtt.h	mvs/mtt.h	3	master trace table
clibmutx.h	mvs/mutex.h		
osio.h	mvs/osio.h	1	BSAM/QSAM via DCB
racf.h	mvs/racf.h	6	
clibstae.h	mvs/recovery.h	4	ESTAE
clibtry.h	mvs/recovery.h	5	try()
rfile.h	mvs/rfile.h		record I/O
clibsmf.h	mvs/smf.h	2	
clibssct.h	mvs/subsys.h	1	SSCT/SSVT/SSIB
clibssib.h	mvs/subsys.h	1	SSCT/SSVT/SSIB
clibssvt.h	mvs/subsys.h	1	SSCT/SSVT/SSIB
clibthrd.h	mvs/thread.h	6	
clibtmr.h	mvs/timer.h		
clibtso.h	mvs/tso.h		
clibvsam.h	mvs/vsam.h	1	
clibwto.h	mvs/wto.h	9	
clibccw.h	s370/ccw.h		channel command words, architecture
clibsa.h	s370/savearea.h		S/370 linkage, shared with CMS
setjmp.h	setjmp.h	3	ISO C, name unchanged; non-standard names move out
signal.h	signal.h	2	ISO C, name unchanged; non-standard names move out
clibio.h	split	6	standard part -> stdio.h; record-mode API -> mvs/rfile.h or mvs/stdio.h; __fp* -> internal
clibos.h	split	9	34 functions of mixed purpose (BLDL, LOAD, ...); split by topic into mvs/
clibstr.h	split	2	ISO part -> string.h; strcasecmp/strncasecmp -> strings.h; stricmp/strcpyp/... -> libc370/strutil.h (#250)
mvssupa.h	split	4	public API -> mvs/bsam.h; __aopen & co. internal. 4 consumers include it today
socket.h	split	3	POSIX: sys/socket.h, netinet/in.h, arpa/inet.h (POSIX review, D2)
stdarg.h	stdarg.h	7	ISO C, name unchanged; non-standard names move out
stddef.h	stddef.h	9	ISO C, name unchanged; non-standard names move out
stdint.h	stdint.h	3	ISO C, name unchanged; non-standard names move out
stdio.h	stdio.h	10	ISO C, name unchanged; non-standard names move out
stdlib.h	stdlib.h	11	ISO C, name unchanged; non-standard names move out
string.h	string.h	11	ISO C, name unchanged; non-standard names move out
time.h	time.h	8	ISO C, name unchanged; non-standard names move out
wchar.h	wchar.h	1	ISO C, name unchanged; non-standard names move out
blowfish.h	removed	1	moves to crypto370 (#244)
clib.h	removed	1	umbrella include, one user (lua370); drop
clibb64.h	removed	2	moves to crypto370 (#244)
clibmz.h	removed		removed: miniz, no implementation in libc.a, no user (#243)
clibmzi.h	removed		removed: miniz, no implementation in libc.a, no user (#243)
clibpdf.h	removed		removed: 28 declared symbols, none in libc.a, no user (PDFGEN)
clibpdfi.h	removed		removed: 28 declared symbols, none in libc.a, no user (PDFGEN)
clibsrb.h	removed		moved out to `src/wip/mvs/srb.h`, not installed: no user; its FREEMAIN fixed and the 2 declared symbols without code dropped (#248). Becomes `mvs/srb.h` once something schedules an SRB, including `ibm/mvs/ihasrb.h`
emfile.h	removed		removed: 22 declared symbols, none in libc.a, no user
emfilei.h	removed		removed: 22 declared symbols, none in libc.a, no user
ipc.h	removed		removed: 17 declared symbols, none in libc.a, no user
ipci.h	removed		removed: 17 declared symbols, none in libc.a, no user
miniz.h	removed		removed: miniz, no implementation in libc.a, no user (#243)
miniz_common.h	removed		removed: miniz, no implementation in libc.a, no user (#243)
miniz_tdef.h	removed		removed: miniz, no implementation in libc.a, no user (#243)
miniz_tinfl.h	removed		removed: miniz, no implementation in libc.a, no user (#243)
miniz_zip.h	removed		removed: miniz, no implementation in libc.a, no user (#243)
sha256.h	removed	1	moves to crypto370 (#244)
